{"a": "u", "b": "A", "c": "P", "d": "n", "e": "S", "f": "N", "g": "H", "h": "B", "i": "v", "j": "Q", "k": "l", "l": "b", "m": "r", "n": "F", "o": "q", "p": "D", "q": "M", "r": "s", "s": "f", "t": "o", "u": "X", "v": "x", "w": "E", "x": "p", "y": "h", "z": "J", "A": "j", "B": "C", "C": "V", "D": "Y", "E": "K", "F": "m", "G": "a", "H": "w", "I": "y", "J": "z", "K": "e", "L": "t", "M": "k", "N": "I", "O": "Z", "P": "i", "Q": "L", "R": "G", "S": "c", "T": "O", "U": "W", "V": "R", "W": "d", "X": "g", "Y": "T", "Z": "U"}